{
    "state": {
        "turnsHeight": {
            "698d1b48cd09313405c805e1-1338": 91.984375,
            "698d1b48cd09313405c805e1-1500": 91.984375,
            "698d1c57cd09313405c805e2-1989": 181.984375,
            "698d1c57cd09313405c805e2-2310": 163.984375
        },
        "turnsIsExpand": {},
        "diffCodeBlockStatus": {}
    },
    "version": 0
}